mean_fit_time,std_fit_time,mean_score_time,std_score_time,param_model__learning_rate,param_model__max_depth,param_model__n_estimators,param_model__subsample,params,split0_test_score,split1_test_score,split2_test_score,split3_test_score,split4_test_score,mean_test_score,std_test_score,rank_test_score,split0_train_score,split1_train_score,split2_train_score,split3_train_score,split4_train_score,mean_train_score,std_train_score
1.4273062229156495,1.3338426803979262,0.06383490562438965,0.028901087596181263,0.05,3,100,0.8,"{'model__learning_rate': 0.05, 'model__max_depth': 3, 'model__n_estimators': 100, 'model__subsample': 0.8}",0.6123778501628665,0.6486486486486487,0.6188925081433225,0.60431654676259,0.5591397849462365,0.6086750677327328,0.02894385877278793,15,0.6661115736885929,0.664440734557596,0.6695059625212947,0.6526492851135408,0.6717948717948717,0.6649004855351792,0.006640978804594348
0.16585903167724608,0.051211774985833264,0.03997888565063477,0.011440275771572497,0.05,3,100,1.0,"{'model__learning_rate': 0.05, 'model__max_depth': 3, 'model__n_estimators': 100, 'model__subsample': 1.0}",0.6129032258064516,0.6245847176079734,0.6209150326797386,0.5949820788530465,0.5663082437275986,0.6039386597349617,0.0214060222315474,16,0.6616791354945969,0.6638865721434529,0.6655319148936171,0.6554903604358759,0.6536170212765957,0.6600410008488278,0.004681834735644216
0.4371518611907959,0.06664430980365267,0.042737150192260744,0.008585252556370986,0.05,3,200,0.8,"{'model__learning_rate': 0.05, 'model__max_depth': 3, 'model__n_estimators': 200, 'model__subsample': 0.8}",0.6266666666666667,0.6735395189003437,0.6308724832214765,0.6428571428571429,0.5765124555160143,0.6300896534323288,0.03141256243238347,11,0.7040133779264214,0.7156118143459915,0.7230769230769231,0.7132043734230445,0.7268041237113402,0.7165421224967442,0.007962258099230502
0.5222481250762939,0.05219983976522008,0.0680769920349121,0.017510690248274657,0.05,3,200,1.0,"{'model__learning_rate': 0.05, 'model__max_depth': 3, 'model__n_estimators': 200, 'model__subsample': 1.0}",0.6319218241042345,0.6204620462046204,0.6174496644295302,0.5971223021582733,0.6041666666666666,0.614224500712665,0.012297553667955832,14,0.7011007620660458,0.6930193439865433,0.7023809523809523,0.701255230125523,0.7162393162393162,0.7027991209596761,0.007506340967457671
0.4660067081451416,0.03526097874461849,0.05750484466552734,0.014517323170366768,0.05,5,100,0.8,"{'model__learning_rate': 0.05, 'model__max_depth': 5, 'model__n_estimators': 100, 'model__subsample': 0.8}",0.7,0.7188612099644128,0.7152777777777778,0.6509803921568628,0.6539923954372624,0.6878223550672631,0.02955436409502314,7,0.8242753623188406,0.8395285584768812,0.8454545454545455,0.832579185520362,0.8355795148247979,0.8354834333190855,0.007068958300044077
0.24216394424438475,0.08143626132681217,0.022221946716308595,0.004176556952300344,0.05,5,100,1.0,"{'model__learning_rate': 0.05, 'model__max_depth': 5, 'model__n_estimators': 100, 'model__subsample': 1.0}",0.6872852233676976,0.6830985915492958,0.6759581881533101,0.6640625,0.6541353383458647,0.6729079682832336,0.012251628883421616,8,0.8184233835252436,0.8258887876025525,0.8239564428312159,0.8132854578096947,0.8271493212669683,0.8217406786071351,0.005174264008536014
0.2656702518463135,0.01103152026917094,0.019245672225952148,0.001034611861445513,0.05,5,200,0.8,"{'model__learning_rate': 0.05, 'model__max_depth': 5, 'model__n_estimators': 200, 'model__subsample': 0.8}",0.7434944237918215,0.7434944237918215,0.75,0.6859504132231405,0.717741935483871,0.728136239258131,0.023822078697399805,3,0.9213270142180094,0.9258555133079848,0.9285033365109628,0.9166666666666666,0.9198868991517436,0.9224478859710734,0.00423126243406282
0.2463965892791748,0.004904661917258933,0.02231564521789551,0.0053216683808888126,0.05,5,200,1.0,"{'model__learning_rate': 0.05, 'model__max_depth': 5, 'model__n_estimators': 200, 'model__subsample': 1.0}",0.7220216606498195,0.7352941176470589,0.7246376811594203,0.680327868852459,0.6932270916334662,0.7111016839884448,0.02075703112636563,5,0.89322191272052,0.9154795821462488,0.9073724007561437,0.9132075471698113,0.9146110056925996,0.9087784896970647,0.008276757895269339
0.10484318733215332,0.005157799667509132,0.018447256088256835,0.0018933758792213267,0.1,3,100,0.8,"{'model__learning_rate': 0.1, 'model__max_depth': 3, 'model__n_estimators': 100, 'model__subsample': 0.8}",0.6245847176079734,0.6644518272425249,0.64,0.6379928315412187,0.5653710247349824,0.6264800802253399,0.03315145338438882,12,0.7070707070707071,0.7121212121212122,0.7246376811594203,0.7087542087542088,0.7161125319693095,0.7137392682149716,0.006266520831211972
0.10715007781982422,0.011101042779557552,0.016522550582885744,0.00018743768158299167,0.1,3,100,1.0,"{'model__learning_rate': 0.1, 'model__max_depth': 3, 'model__n_estimators': 100, 'model__subsample': 1.0}",0.6129032258064516,0.6209150326797386,0.6283783783783784,0.6164874551971327,0.5985915492957746,0.6154551282714952,0.009887154802217558,13,0.7022900763358778,0.6967418546365914,0.7070879590093937,0.7045075125208681,0.71733561058924,0.7055926026183942,0.006790495816113835
0.1668539047241211,0.005026263502943017,0.017987918853759766,0.0009230711745576964,0.1,3,200,0.8,"{'model__learning_rate': 0.1, 'model__max_depth': 3, 'model__n_estimators': 200, 'model__subsample': 0.8}",0.6644295302013423,0.684931506849315,0.6363636363636364,0.6227106227106227,0.5949820788530465,0.6406834749955925,0.03147082933512862,10,0.7786391042204995,0.790616854908775,0.801762114537445,0.7858985382631126,0.7985865724381626,0.7911006368735989,0.008393950300787599
0.16484551429748534,0.01062025830912277,0.017053604125976562,0.0004553124493293119,0.1,3,200,1.0,"{'model__learning_rate': 0.1, 'model__max_depth': 3, 'model__n_estimators': 200, 'model__subsample': 1.0}",0.6529209621993127,0.6734006734006734,0.657439446366782,0.6420664206642066,0.6451612903225806,0.6541977585907109,0.01104280584370894,9,0.7664359861591695,0.7718696397941681,0.7657342657342657,0.7733105218135158,0.7821522309711286,0.7719005288944496,0.005915580416217179
0.1575164794921875,0.008189867352018279,0.02024998664855957,0.0013587174116904664,0.1,5,100,0.8,"{'model__learning_rate': 0.1, 'model__max_depth': 5, 'model__n_estimators': 100, 'model__subsample': 0.8}",0.7320754716981132,0.7434944237918215,0.7286245353159851,0.6778242677824268,0.6935483870967742,0.7151134171370241,0.02502508472850877,4,0.9210275927687916,0.9257142857142857,0.9185606060606061,0.9208770257387988,0.9188679245283019,0.9210094869621568,0.0025587619045952495
0.15320749282836915,0.011034045275420734,0.018373870849609376,0.001754183639342419,0.1,5,100,1.0,"{'model__learning_rate': 0.1, 'model__max_depth': 5, 'model__n_estimators': 100, 'model__subsample': 1.0}",0.7320754716981132,0.7326007326007326,0.7185185185185186,0.6778242677824268,0.6901960784313725,0.7102430138062328,0.022351118527794457,6,0.9041353383458647,0.9195402298850575,0.9170638703527169,0.9104618284637135,0.9115128449096099,0.9125428223913925,0.005394084975541534
0.2569608211517334,0.008129665555253573,0.023052215576171875,0.008206965066186686,0.1,5,200,0.8,"{'model__learning_rate': 0.1, 'model__max_depth': 5, 'model__n_estimators': 200, 'model__subsample': 0.8}",0.7747035573122529,0.7611336032388664,0.7401574803149606,0.7192982456140351,0.7203389830508474,0.7431263739061925,0.021987442002913037,1,0.9870388833499502,0.9840637450199203,0.9919839679358717,0.9831181727904668,0.9840954274353877,0.9860600393063192,0.0032419295287896537
0.23754434585571288,0.0029160626582983074,0.019237470626831055,0.0017012871113420626,0.1,5,200,1.0,"{'model__learning_rate': 0.1, 'model__max_depth': 5, 'model__n_estimators': 200, 'model__subsample': 1.0}",0.7686274509803922,0.7450980392156863,0.7480314960629921,0.7048458149779736,0.7372881355932204,0.7407781873660528,0.020737256027399058,2,0.9781746031746031,0.9781746031746031,0.985014985014985,0.9762376237623762,0.9772951628825272,0.9789793956018189,0.0031008925791914735
